index,len_payload,fernet_enc,fernet_dec,rsa_enc,rsa_dec
0,166,0.002366000000620261,0.00027779999072663486,0.001990099990507588,0.0014987000031396747
1,166,6.78999931551516e-05,3.6200013710185885e-05,4.6900007873773575e-05,0.00033239999902434647
2,172,3.779999678954482e-05,2.6399997295811772e-05,4.099999205209315e-05,0.0003328000020701438
3,170,3.269998705945909e-05,2.4600012693554163e-05,4.149999585933983e-05,0.00033680000342428684
4,172,3.259998629800975e-05,2.5300018023699522e-05,4.0799990529194474e-05,0.0003242999955546111
5,172,2.9099988751113415e-05,2.570002106949687e-05,3.759999526664615e-05,0.0003257000062149018
6,172,3.2899988582357764e-05,2.2799998987466097e-05,3.850000211969018e-05,0.00031549998675473034
7,168,3.0800001695752144e-05,2.2899999748915434e-05,3.7299992982298136e-05,0.0003147000097669661
8,159,3.029999788850546e-05,2.2199994418770075e-05,3.7299992982298136e-05,0.00031480001052841544
9,169,2.680000034160912e-05,2.1899992134422064e-05,3.679998917505145e-05,0.00032300001475960016
10,172,2.880001557059586e-05,2.2499996703118086e-05,3.8399972254410386e-05,0.00031560001662001014
11,163,2.820001100189984e-05,2.300000051036477e-05,3.709999145939946e-05,0.00031510001281276345
12,181,2.880001557059586e-05,2.2599997464567423e-05,3.759999526664615e-05,0.000315399985993281
13,173,2.7000001864507794e-05,2.169999061152339e-05,3.689998993650079e-05,0.0003161999920848757
14,165,2.8999987989664078e-05,2.500001573935151e-05,4.789998638443649e-05,0.00034309999318793416
15,171,3.4199998481199145e-05,2.3600005079060793e-05,3.960001049563289e-05,0.00031519998447038233
16,167,2.7499976567924023e-05,2.1500018192455173e-05,7.839998579584062e-05,0.00031740000122226775
17,171,2.9099988751113415e-05,2.19999928958714e-05,3.749999450519681e-05,0.0003152000135742128
18,163,2.910001785494387e-05,2.1899992134422064e-05,3.809999907389283e-05,0.00031510001281276345
19,165,2.710000262595713e-05,2.1499989088624716e-05,3.709999145939946e-05,0.00031450000824406743
20,165,2.7400004910305142e-05,2.1299987565726042e-05,3.6699988413602114e-05,0.0003142000059597194
21,168,2.609999501146376e-05,2.13000166695565e-05,3.63999861292541e-05,0.0003147000097669661
22,166,2.6299996534362435e-05,2.160001895390451e-05,3.63999861292541e-05,0.0003231000155210495
23,173,2.8700014809146523e-05,2.139998832717538e-05,3.739999374374747e-05,0.0003215000033378601
24,172,2.719997428357601e-05,2.5800021830946207e-05,3.749999450519681e-05,0.00031450000824406743
25,174,3.100000321865082e-05,2.160001895390451e-05,3.71999922208488e-05,0.0003142000059597194
26,169,2.8000009479001164e-05,2.269999822601676e-05,3.71999922208488e-05,0.00033710000570863485
27,168,7.509998977184296e-05,3.610001294873655e-05,4.659997648559511e-05,0.00031709999893791974
28,164,3.120000474154949e-05,2.2799998987466097e-05,3.8300000596791506e-05,0.00031480001052841544
29,163,2.720000338740647e-05,2.1099986042827368e-05,3.680001827888191e-05,0.00031439997837878764
30,167,2.6699999580159783e-05,2.1400017431005836e-05,3.619998460635543e-05,0.0003228000132367015
31,163,2.7400004910305142e-05,2.1199986804276705e-05,3.71999922208488e-05,0.0003150000120513141
32,170,2.649999805726111e-05,2.1000014385208488e-05,3.6699988413602114e-05,0.0007815000135451555
33,165,2.7399975806474686e-05,2.1500018192455173e-05,3.689998993650079e-05,0.0003141000051982701
34,169,2.880001557059586e-05,2.1499989088624716e-05,3.7299992982298136e-05,0.00031460000900551677
35,177,2.7699978090822697e-05,2.230002428404987e-05,3.609998384490609e-05,0.0003161999920848757
36,171,2.789997961372137e-05,2.13000166695565e-05,3.63999861292541e-05,0.00031400000443682075
37,173,2.5999994250014424e-05,2.1499989088624716e-05,3.640001523308456e-05,0.0003141000051982701
38,171,2.5800021830946207e-05,2.099998528137803e-05,3.63999861292541e-05,0.0003225000109523535
39,171,2.8099981136620045e-05,2.160001895390451e-05,3.6900019040331244e-05,0.0003239999932702631
40,177,3.0099996365606785e-05,2.2299995180219412e-05,3.819999983534217e-05,0.00031609999132342637
41,175,2.6599998818710446e-05,2.120001590810716e-05,4.110002191737294e-05,0.0003142999776173383
42,165,2.6299996534362435e-05,2.1299987565726042e-05,3.680001827888191e-05,0.0003226999833714217
43,162,2.7400004910305142e-05,2.1499989088624716e-05,3.6900019040331244e-05,0.0003139999753329903
44,175,2.7600006433203816e-05,2.4699984351173043e-05,3.739999374374747e-05,0.0003142000059597194
45,167,2.6599998818710446e-05,2.1400017431005836e-05,3.63999861292541e-05,0.0003147000097669661
46,177,2.7300004148855805e-05,2.1499989088624716e-05,3.680001827888191e-05,0.0003142999776173383
47,162,2.780000795610249e-05,2.1599989850074053e-05,3.7600024370476604e-05,0.0003858999989461154
48,181,4.809998790733516e-05,3.250001464039087e-05,6.739998934790492e-05,0.00036720000207424164
49,165,3.470000228844583e-05,2.2599997464567423e-05,4.040001658722758e-05,0.0003215000033378601
50,170,2.8199981898069382e-05,2.220002352260053e-05,3.829997149296105e-05,0.0003346000157762319
51,173,2.8600014047697186e-05,2.1899992134422064e-05,3.91000066883862e-05,0.0003251000016462058
52,174,2.7400004910305142e-05,2.1499989088624716e-05,3.679998917505145e-05,0.00031450000824406743
53,169,2.61999957729131e-05,2.120001590810716e-05,3.63999861292541e-05,0.0003144000074826181
54,169,2.61999957729131e-05,2.1199986804276705e-05,3.679998917505145e-05,0.0003142000059597194
55,179,3.470000228844583e-05,2.2799998987466097e-05,3.6699988413602114e-05,0.00031430000672116876
56,167,2.6699999580159783e-05,2.099998528137803e-05,3.6500015994533896e-05,0.00031439997837878764
57,167,2.7600006433203816e-05,2.239999594166875e-05,3.929997910745442e-05,0.00031450000824406743
58,173,2.6399997295811772e-05,2.1299987565726042e-05,3.659998765215278e-05,0.0003144000074826181
59,169,2.6299996534362435e-05,2.1099986042827368e-05,3.630001447163522e-05,0.0005002999969292432
60,165,6.389999180100858e-05,3.920000744983554e-05,6.560000474564731e-05,0.0005376999906729907
61,173,4.430001717992127e-05,3.579998156055808e-05,6.10999995842576e-05,0.000534399994648993
62,163,3.739999374374747e-05,2.5399989681318402e-05,4.1799998143687844e-05,0.0003167999966535717
63,163,2.9400020139291883e-05,2.9399991035461426e-05,3.9000005926936865e-05,0.000315099983708933
64,164,2.7700007194653153e-05,2.19999928958714e-05,3.709999145939946e-05,0.0007965000113472342
65,166,2.8499984182417393e-05,2.1799991372972727e-05,3.7500023609027267e-05,0.00031519998447038233
66,162,2.780000795610249e-05,2.1599989850074053e-05,3.679998917505145e-05,0.0003155000158585608
67,173,2.649999805726111e-05,2.1499989088624716e-05,3.6900019040331244e-05,0.0003148999821860343
68,175,3.759999526664615e-05,2.3100001271814108e-05,3.940000897273421e-05,0.0003843999875243753
69,165,3.440000000409782e-05,2.2400025045499206e-05,4.010001430287957e-05,0.00047309999354183674
70,178,5.3499999921768904e-05,3.6600016755983233e-05,6.439999560825527e-05,0.0005154999962542206
71,171,4.7999987145885825e-05,3.440000000409782e-05,5.800000508315861e-05,0.0004175000067334622
72,179,3.360002301633358e-05,2.4599983589723706e-05,4.5199994929134846e-05,0.0003161999920848757
73,181,2.8099981136620045e-05,2.239999594166875e-05,3.819999983534217e-05,0.0003157000173814595
74,173,2.8799986466765404e-05,2.2799998987466097e-05,3.9700011257082224e-05,0.0003252000024076551
75,164,2.9099988751113415e-05,2.220002352260053e-05,3.8300000596791506e-05,0.00031560001662001014
76,177,2.7999980375170708e-05,2.220002352260053e-05,3.689998993650079e-05,0.0003148999821860343
77,173,2.7000001864507794e-05,2.1599989850074053e-05,3.670001751743257e-05,0.0003600000054575503
78,172,3.29999893438071e-05,2.370000584051013e-05,4.020001506432891e-05,0.00032729998929426074
79,175,4.610000178217888e-05,2.570002106949687e-05,4.1399995097890496e-05,0.0003164999943692237
80,173,2.889998722821474e-05,2.1700019715353847e-05,3.789999755099416e-05,0.000315399985993281
81,163,2.720000338740647e-05,2.139998832717538e-05,3.71999922208488e-05,0.00031460000900551677
82,169,2.6699999580159783e-05,2.139998832717538e-05,3.679998917505145e-05,0.0003147000097669661
83,171,2.5999994250014424e-05,2.720000338740647e-05,4.5900000259280205e-05,0.00031549998675473034
84,169,3.4500000765547156e-05,2.1599989850074053e-05,3.789999755099416e-05,0.0003175000019837171
85,173,2.6900001103058457e-05,2.1400017431005836e-05,3.609998384490609e-05,0.00031460000900551677
86,176,2.7000001864507794e-05,2.139998832717538e-05,3.640001523308456e-05,0.00031430000672116876
87,173,3.170000854879618e-05,2.1499989088624716e-05,3.6200013710185885e-05,0.0005176999839022756
88,171,4.260000423528254e-05,2.9300019377842546e-05,4.370001261122525e-05,0.0003218000056222081
89,167,3.0099996365606785e-05,2.3300002794712782e-05,3.890000516548753e-05,0.00032500000088475645
90,164,2.8099981136620045e-05,2.2499996703118086e-05,3.819999983534217e-05,0.00032449999707750976
91,164,3.170000854879618e-05,2.1199986804276705e-05,4.6600005589425564e-05,0.000315099983708933
92,166,2.8300011763349175e-05,2.1599989850074053e-05,3.679998917505145e-05,0.0003252000024076551
93,171,2.8400012524798512e-05,2.1899992134422064e-05,3.689998993650079e-05,0.00031430000672116876
94,177,2.710000262595713e-05,2.1800020476803184e-05,3.709999145939946e-05,0.0003147000097669661
95,171,2.680000034160912e-05,2.1299987565726042e-05,3.659998765215278e-05,0.00032300001475960016
96,175,2.789997961372137e-05,2.1800020476803184e-05,3.739999374374747e-05,0.0007901999924797565
97,173,2.9399991035461426e-05,2.3300002794712782e-05,3.819999983534217e-05,0.0003150000120513141
98,175,2.7900008717551827e-05,2.239999594166875e-05,3.709999145939946e-05,0.00032300001475960016
99,170,2.910001785494387e-05,2.239999594166875e-05,3.749999450519681e-05,0.00031460000900551677
100,174,2.7000001864507794e-05,2.1499989088624716e-05,3.6699988413602114e-05,0.0003144000074826181
101,179,2.750000567175448e-05,2.19999928958714e-05,3.700001980178058e-05,0.00031439997837878764
102,180,2.6599998818710446e-05,2.1500018192455173e-05,3.6900019040331244e-05,0.000314799981424585
103,171,2.6699999580159783e-05,3.070000093430281e-05,3.7600024370476604e-05,0.00031469998066313565
104,172,2.8199981898069382e-05,2.160001895390451e-05,3.7200021324679255e-05,0.00031469998066313565
105,174,2.6699999580159783e-05,2.1700019715353847e-05,3.680001827888191e-05,0.00031450000824406743
106,166,2.61999957729131e-05,2.1599989850074053e-05,3.679998917505145e-05,0.0003144000074826181
107,170,2.6399997295811772e-05,2.120001590810716e-05,3.659998765215278e-05,0.00032270001247525215
108,178,2.8300011763349175e-05,2.1499989088624716e-05,3.739999374374747e-05,0.0003147000097669661
109,162,2.820001100189984e-05,2.1599989850074053e-05,3.7699996028095484e-05,0.0003209999995306134
110,174,3.339999238960445e-05,2.1599989850074053e-05,3.6900019040331244e-05,0.0003197999903932214
111,161,2.6599998818710446e-05,2.139998832717538e-05,3.6600016755983233e-05,0.0003615999885369092
112,168,3.2499985536560416e-05,2.8300011763349175e-05,4.149999585933983e-05,0.00033870001789182425
113,169,3.949998063035309e-05,2.2499996703118086e-05,4.040001658722758e-05,0.0003163999936077744
114,180,2.8600014047697186e-05,2.2099993657320738e-05,3.789999755099416e-05,0.00031480001052841544
115,168,2.649999805726111e-05,2.169999061152339e-05,3.840000135824084e-05,0.0003252000024076551
116,172,2.8700014809146523e-05,2.4299981305375695e-05,3.7600024370476604e-05,0.0003161999920848757
117,172,2.710000262595713e-05,2.1299987565726042e-05,3.6699988413602114e-05,0.0003144000074826181
118,180,2.6599998818710446e-05,2.1499989088624716e-05,3.679998917505145e-05,0.0003141000051982701
119,176,2.6599998818710446e-05,2.1099986042827368e-05,3.6900019040331244e-05,0.0005040999967604876
120,170,7.069998537190259e-05,2.7400004910305142e-05,4.67000063508749e-05,0.0003266999847255647
121,172,3.2499985536560416e-05,2.4300010409206152e-05,4.549999721348286e-05,0.0003245999978389591
122,162,2.9700022423639894e-05,2.3899978259578347e-05,3.91000066883862e-05,0.00033730000723153353
123,178,3.0800001695752144e-05,2.3999979021027684e-05,3.9300008211284876e-05,0.0003217000048607588
124,165,2.789997961372137e-05,2.1800020476803184e-05,3.710002056322992e-05,0.000314499979140237
125,164,2.7000001864507794e-05,2.19999928958714e-05,3.6999990697950125e-05,0.0003144000074826181
126,178,2.7300004148855805e-05,2.1899992134422064e-05,3.689998993650079e-05,0.00032270001247525215
127,182,2.850001328624785e-05,2.169999061152339e-05,3.749999450519681e-05,0.00031480001052841544
128,175,2.6599998818710446e-05,2.1500018192455173e-05,3.680001827888191e-05,0.0007763000030536205
129,176,3.0199997127056122e-05,2.2800028091296554e-05,3.7999998312443495e-05,0.00031540001509711146
130,166,2.9000017093494534e-05,2.2099993657320738e-05,3.7999998312443495e-05,0.0003169999981764704
131,170,2.7399975806474686e-05,2.160001895390451e-05,3.63999861292541e-05,0.00031430000672116876
132,171,2.6299996534362435e-05,2.1500018192455173e-05,3.709999145939946e-05,0.00031480001052841544
133,164,2.680000034160912e-05,2.1499989088624716e-05,3.680001827888191e-05,0.00031469998066313565
134,182,2.6900001103058457e-05,2.1599989850074053e-05,3.679998917505145e-05,0.00032469999860040843
135,172,2.889998722821474e-05,2.2099993657320738e-05,3.7500023609027267e-05,0.0003148999821860343
136,162,2.649999805726111e-05,2.1400017431005836e-05,3.6999990697950125e-05,0.00031430000672116876
137,182,2.649999805726111e-05,2.160001895390451e-05,3.649998689070344e-05,0.0003139000036753714
138,167,2.6399997295811772e-05,2.13000166695565e-05,3.679998917505145e-05,0.00032300001475960016
139,173,2.780000795610249e-05,2.160001895390451e-05,3.7600024370476604e-05,0.00031469998066313565
140,180,2.680000034160912e-05,2.2000021999701858e-05,3.680001827888191e-05,0.00031430000672116876
141,174,2.710000262595713e-05,2.139998832717538e-05,3.689998993650079e-05,0.0003149000112898648
142,171,2.7600006433203816e-05,2.19999928958714e-05,3.6900019040331244e-05,0.000314799981424585
143,180,3.57000099029392e-05,2.1500018192455173e-05,3.740002284757793e-05,0.0003148999821860343
144,164,2.680000034160912e-05,2.1499989088624716e-05,3.689998993650079e-05,0.0003144000074826181
145,164,2.6299996534362435e-05,2.13000166695565e-05,3.6299985367804766e-05,0.00033000000985339284
146,186,3.2499985536560416e-05,2.3600005079060793e-05,3.9300008211284876e-05,0.0003414000093471259
147,165,3.170000854879618e-05,2.1899992134422064e-05,3.9300008211284876e-05,0.0003232999879401177
148,176,2.850001328624785e-05,2.169999061152339e-05,3.739999374374747e-05,0.0003155999875161797
149,163,2.720000338740647e-05,2.1499989088624716e-05,3.6999990697950125e-05,0.00031450000824406743
150,169,2.5699991965666413e-05,2.1299987565726042e-05,3.680001827888191e-05,0.00031419997685588896
151,176,2.6699999580159783e-05,2.169999061152339e-05,3.6500015994533896e-05,0.0003234999894630164
152,177,6.850002682767808e-05,4.099999205209315e-05,5.7600002037361264e-05,0.0003378999826963991
153,170,3.409999771974981e-05,2.5199988158419728e-05,3.980001201853156e-05,0.00031609999132342637
154,181,2.8600014047697186e-05,2.169999061152339e-05,3.8300000596791506e-05,0.0003294000052846968
155,186,2.7400004910305142e-05,2.239999594166875e-05,3.759999526664615e-05,0.00033420001273043454
156,174,2.9799994081258774e-05,2.260002656839788e-05,3.920000744983554e-05,0.0003183000080753118
157,164,2.710000262595713e-05,2.1899992134422064e-05,3.6699988413602114e-05,0.00031430000672116876
158,163,2.6599998818710446e-05,2.1299987565726042e-05,3.689998993650079e-05,0.00031450000824406743
159,165,2.6600027922540903e-05,2.1299987565726042e-05,3.6999990697950125e-05,0.0003225000109523535
160,167,2.7499976567924023e-05,2.160001895390451e-05,3.71999922208488e-05,0.0007849000103306025
161,172,2.6399997295811772e-05,2.3999979021027684e-05,3.710002056322992e-05,0.0003167999966535717
162,170,2.680000034160912e-05,2.1499989088624716e-05,3.6500015994533896e-05,0.0003145999799016863
163,178,2.6599998818710446e-05,2.1000014385208488e-05,4.4199987314641476e-05,0.00031510001281276345
164,176,2.729997504502535e-05,2.1400017431005836e-05,3.6699988413602114e-05,0.0003144000074826181
165,166,2.6900001103058457e-05,2.1400017431005836e-05,3.709999145939946e-05,0.00031469998066313565
166,166,2.680000034160912e-05,2.139998832717538e-05,3.670001751743257e-05,0.00031469998066313565
167,162,2.680000034160912e-05,2.169999061152339e-05,3.6600016755983233e-05,0.00032289998489432037
168,176,2.7999980375170708e-05,2.13000166695565e-05,3.7699996028095484e-05,0.00031499998294748366
169,170,2.6699999580159783e-05,2.1499989088624716e-05,3.689998993650079e-05,0.0003141000051982701
170,168,2.61999957729131e-05,2.099998528137803e-05,3.630001447163522e-05,0.0003140999760944396
171,170,2.5999994250014424e-05,2.120001590810716e-05,3.63999861292541e-05,0.00031460000900551677
172,162,2.859998494386673e-05,2.1499989088624716e-05,3.759999526664615e-05,0.0003149000112898648
173,164,2.7300004148855805e-05,2.139998832717538e-05,3.6500015994533896e-05,0.0003176999744027853
174,170,2.649999805726111e-05,2.1099986042827368e-05,3.670001751743257e-05,0.0003189999843016267
175,166,2.61999957729131e-05,2.120001590810716e-05,3.63999861292541e-05,0.00031430000672116876
176,167,2.8300011763349175e-05,2.3300002794712782e-05,3.709999145939946e-05,0.00032240001019090414
177,173,2.8300011763349175e-05,2.1499989088624716e-05,3.8700003642588854e-05,0.00031480001052841544
178,171,2.649999805726111e-05,2.1299987565726042e-05,3.640001523308456e-05,0.00031480001052841544
179,169,2.6399997295811772e-05,2.1400017431005836e-05,3.6500015994533896e-05,0.00031499998294748366
180,168,3.9700011257082224e-05,2.6699999580159783e-05,4.569999873638153e-05,0.0003234999894630164
181,167,4.919999628327787e-05,3.399999695830047e-05,4.089999129064381e-05,0.0003184000088367611
182,170,2.929999027401209e-05,2.1700019715353847e-05,3.890000516548753e-05,0.0003153000143356621
183,174,2.720000338740647e-05,2.5100016500800848e-05,3.6900019040331244e-05,0.000319099985063076
184,176,2.720000338740647e-05,2.139998832717538e-05,3.6999990697950125e-05,0.00032419999479316175
185,176,2.780000795610249e-05,2.160001895390451e-05,3.7600024370476604e-05,0.0006893999816384166
186,172,7.54999928176403e-05,3.71999922208488e-05,6.570000550709665e-05,0.0004929999995511025
187,178,8.870000601746142e-05,4.740001168102026e-05,7.499998901039362e-05,0.0010464999941177666
188,170,7.700000423938036e-05,3.0499999411404133e-05,5.1099981646984816e-05,0.0003310000174678862
189,161,3.329999162815511e-05,2.5699991965666413e-05,4.050001734867692e-05,0.00032900000223889947
190,169,3.3199990866705775e-05,2.61999957729131e-05,4.1399995097890496e-05,0.0004036000173073262
191,183,6.0699996538460255e-05,3.860000288113952e-05,6.329998723231256e-05,0.0005300000193528831
192,180,9.879999561235309e-05,4.67000063508749e-05,8.24000162538141e-05,0.0014191999798640609
193,164,7.000000914558768e-05,3.4199998481199145e-05,5.729999975301325e-05,0.0003767999878618866
194,174,3.619998460635543e-05,2.7700007194653153e-05,4.650000482797623e-05,0.00038720000884495676
195,170,3.5699980799108744e-05,2.6699999580159783e-05,8.630001684650779e-05,0.0007181999972090125
196,168,6.389999180100858e-05,4.959999932907522e-05,8.599998545832932e-05,0.0007341000018641353
197,174,6.749999010935426e-05,5.020000389777124e-05,8.659999002702534e-05,0.0007160000095609576
198,168,6.349998875521123e-05,4.939999780617654e-05,8.58000130392611e-05,0.0007355999841820449
199,163,6.729998858645558e-05,4.9200025387108326e-05,8.74000252224505e-05,0.0007189999741967767
